<?xml version="1.0" encoding="UTF-8"?>
<project-private xmlns="http://www.netbeans.org/ns/project-private/1">
    <editor-bookmarks xmlns="http://www.netbeans.org/ns/editor-bookmarks/2" lastBookmarkId="0"/>
    <open-files xmlns="http://www.netbeans.org/ns/projectui-open-files/2">
        <group>
            <file>file:/D:/lecture/java/workspace.list/nb_ws/Diet/src/diet/view/DietLogin.java</file>
            <file>file:/D:/lecture/java/workspace.list/nb_ws/Diet/src/diet/view/MemberFrame.java</file>
            <file>file:/D:/lecture/java/workspace.list/nb_ws/Diet/src/diet/member/model/MemberDAO.java</file>
        </group>
    </open-files>
</project-private>
